{
  "dataset": "fever",
  "num_samples": 9999,
  "num_valid": 9999,
  "accuracy": 0.5383538353835383,
  "precision": 0.5578677180296809,
  "recall": 0.5383538353835383,
  "f1_score": 0.5428706288782147,
  "cohen_kappa": 0.30753075307530753,
  "agreement_rate": 0.5383538353835383,
  "average_confidence": 0.6154815481548156,
  "classification_report": {
    "refutes": {
      "precision": 0.6047904191616766,
      "recall": 0.6060606060606061,
      "f1-score": 0.6054248463959239,
      "support": 3333.0
    },
    "NOT ENOUGH INFO": {
      "precision": 0.41067961165048544,
      "recall": 0.5076507650765076,
      "f1-score": 0.4540453508654233,
      "support": 3333.0
    },
    "supports": {
      "precision": 0.6581331232768807,
      "recall": 0.5013501350135013,
      "f1-score": 0.569141689373297,
      "support": 3333.0
    },
    "accuracy": 0.5383538353835383,
    "macro avg": {
      "precision": 0.5578677180296809,
      "recall": 0.5383538353835383,
      "f1-score": 0.5428706288782147,
      "support": 9999.0
    },
    "weighted avg": {
      "precision": 0.5578677180296809,
      "recall": 0.5383538353835383,
      "f1-score": 0.5428706288782147,
      "support": 9999.0
    }
  },
  "confusion_matrix": [
    [
      2020,
      1050,
      263
    ],
    [
      1036,
      1692,
      605
    ],
    [
      284,
      1378,
      1671
    ]
  ],
  "config": {
    "model_name": "D:/1684Proj/models/Qwen2.5-7B-Instruct",
    "model_size": "7B",
    "model_type": "Qwen2.5-7B-Instruct",
    "seed": 42,
    "batch_size": 32,
    "do_sample": true,
    "max_tokens": 24,
    "repetition_penalty": 1.05,
    "test_mode": false,
    "test_samples": "full",
    "datasets": [
      "fever"
    ],
    "resume": false,
    "checkpoint_interval": 100,
    "annotation_storage": {
      "save_full_text": false,
      "text_preview_length": 100,
      "save_text_preview_for_hard_cases": true,
      "note": "Full text not saved by default (use row_id to retrieve from dataset). Hard cases include text_preview for manual review."
    },
    "temperature": 0.1,
    "top_p": 0.7,
    "top_k": 10
  }
}