{
  "dataset": "fever",
  "model_path": "D:\\1684Proj\\outputs\\fever\\deberta-v3-base\\run1\\best_model_calibrated",
  "test_size": 9999,
  "num_classes": 3,
  "accuracy": 0.6451645164516452,
  "precision": 0.6471257512901841,
  "recall": 0.6451645164516452,
  "f1_score": 0.6449363642854644,
  "ece": 0.05657686184484825,
  "brier_score": 0.15633440514841357,
  "per_class_metrics": {
    "REFUTES": {
      "precision": 0.7106119791666666,
      "recall": 0.654965496549655,
      "f1_score": 0.6816549570647932,
      "support": 3333
    },
    "NOT ENOUGH INFO": {
      "precision": 0.6058989645434578,
      "recall": 0.5793579357935793,
      "f1_score": 0.5923312883435583,
      "support": 3333
    },
    "SUPPORTS": {
      "precision": 0.6248663101604278,
      "recall": 0.7011701170117012,
      "f1_score": 0.6608228474480419,
      "support": 3333
    }
  },
  "average_entropy": 0.6939007846286671,
  "average_confidence": 0.7017413782964934
}