{
  "dataset": "imdb",
  "model_path": "D:\\1684Proj\\outputs\\imdb\\deberta-v3-base\\run1\\best_model_calibrated",
  "test_size": 12500,
  "num_classes": 2,
  "accuracy": 0.95144,
  "precision": 0.9439811172305271,
  "recall": 0.95984,
  "f1_score": 0.9518445061483538,
  "ece": 0.0370758132553101,
  "brier_score": 0.04299464490223833,
  "per_class_metrics": {
    "negative": {
      "precision": 0.959153783563873,
      "recall": 0.94304,
      "f1_score": 0.9510286405808794,
      "support": 6250
    },
    "positive": {
      "precision": 0.9439811172305271,
      "recall": 0.95984,
      "f1_score": 0.9518445061483538,
      "support": 6250
    }
  },
  "average_entropy": 0.043071525247469544,
  "average_confidence": 0.98851581325531
}